Book Id,Title,Author,Author l-f,Additional Authors,ISBN,ISBN13,My Rating,Average Rating,Publisher,Binding,Number of Pages,Year Published,Original Publication Year,Date Read,Date Added,Bookshelves,Bookshelves with positions,Exclusive Shelf,My Review,Spoiler,Private Notes,Read Count,Owned Copies
17855756,"Dust (Silo, #3)",Hugh Howey,"Howey, Hugh",,"=""1490904387""","=""9781490904382""",0,4.25,Broad Reach Publishing,Paperback,458,2013,2013,,2019/12/31,currently-reading,currently-reading (#4),currently-reading,,,,1,0
22609485,The Soul of an Octopus,Sy Montgomery,"Montgomery, Sy",,"=""1451697716""","=""9781451697711""",0,3.92,Atria Books,Hardcover,261,2015,2015,,2020/05/19,currently-reading,currently-reading (#3),currently-reading,,,,1,0
28187,"The Lightning Thief (Percy Jackson and the Olympians, #1)",Rick Riordan,"Riordan, Rick",,"=""""","=""""",0,4.29,Disney Hyperion Books,Paperback,377,2006,2005,2023/04/26,2013/06/22,,,read,,,,1,0
58733693,Remarkably Bright Creatures,Shelby Van Pelt,"Pelt, Shelby Van",,"=""0063204150""","=""9780063204157""",0,4.45,Ecco,Hardcover,368,2022,2022,,2023/04/18,to-read,to-read (#165),to-read,,,,0,0
1130000,Ultimate High: My Everest Odyssey,Göran Kropp,"Kropp, Göran",David Lagercrantz,"=""156331830X""","=""9781563318306""",0,3.99,Discovery Books,Hardcover,240,1999,1997,2023/04/18,2022/11/04,,,read,,,,1,0
10567,Cell,Stephen King,"King, Stephen",,"=""1416524517""","=""9781416524519""",0,3.66,Pocket Star Books,Mass Market Paperback,449,2006,2006,2023/04/05,2023/03/20,,,read,,,,1,0
60149558,"Visual Thinking: The Hidden Gifts of People Who Think in Pictures, Patterns, and Abstractions",Temple Grandin,"Grandin, Temple",,"=""0593418360""","=""9780593418369""",0,3.67,Riverhead Books,Hardcover,352,2022,2022,,2023/03/21,to-read,to-read (#164),to-read,,,,0,0
7241373,For the Win,Cory Doctorow,"Doctorow, Cory",,"=""0765322161""","=""9780765322166""",0,3.80,Tor Teen,Hardcover,477,2010,2010,2023/03/20,2022/11/04,,,read,,,,1,0
52578860,"Humor, Seriously: Why Humor Is a Secret Weapon in Business and Life (And how anyone can harness it. Even you.)",Jennifer Aaker,"Aaker, Jennifer",Naomi Bagdonas,"=""0593135288""","=""9780593135280""",0,3.89,Currency,Hardcover,272,2021,2020,,2023/03/03,to-read,to-read (#163),to-read,,,,0,0
40605251,"The Mists of Avalon (Avalon, #1)",Marion Zimmer Bradley,"Bradley, Marion Zimmer",,"=""""","=""""",0,4.13,Ballantine Books,Kindle Edition,1009,2018,1982,,2023/02/10,currently-reading,currently-reading (#2),currently-reading,,,,1,0
18222694,Proof: The Science of Booze,Adam   Rogers,"Rogers, Adam",,"=""0547897960""","=""9780547897967""",0,3.92,Houghton Mifflin Harcourt,Hardcover,272,2014,2014,2023/02/10,2018/09/23,,,read,,,,1,0
35523006,The Tattooist of Auschwitz,Heather   Morris,"Morris, Heather",,"=""1760403172""","=""9781760403171""",0,4.29,Bonnier Publishing Australia,Paperback,277,2018,2018,2023/02/08,2022/12/13,,,read,,,,1,0
17704902,Five Days at Memorial: Life and Death in a Storm-Ravaged Hospital (ALA Notable Books for Adults),Sheri  Fink,"Fink, Sheri",,"=""0307718964""","=""9780307718969""",0,3.93,Crown,Hardcover,558,2013,2013,,2023/02/01,to-read,to-read (#162),to-read,,,,0,0
52339313,"Cemetery Boys (Cemetery Boys, #1)",Aiden Thomas,"Thomas, Aiden",,"=""1250250463""","=""9781250250469""",0,4.31,Swoon Reads,Hardcover,344,2020,2020,2023/02/01,2023/01/09,,,read,,,,1,0
55628986,Unwinding Anxiety: New Science Shows How to Break the Cycles of Worry and Fear to Heal Your Mind,Judson Brewer,"Brewer, Judson",,"=""0593330447""","=""9780593330449""",0,3.93,Avery,Hardcover,287,2021,2021,,2023/01/31,to-read,to-read (#161),to-read,,,,0,0
10847,Under the Banner of Heaven: A Story of Violent Faith,Jon Krakauer,"Krakauer, Jon",,"=""0330419129""","=""9780330419123""",0,4.00,Pan MacMillan,Paperback,400,2004,2003,2023/01/30,2022/10/31,,,read,,,,1,0
44139381,"Antisocial: Online Extremists, Techno-Utopians, and the Hijacking of the American Conversation",Andrew Marantz,"Marantz, Andrew",,"=""0525522263""","=""9780525522263""",0,4.22,Viking,Hardcover,400,2019,2019,,2023/01/30,to-read,to-read (#160),to-read,,,,0,0
36484703,Prediction Machines: The Simple Economics of Artificial Intelligence,Ajay Agrawal,"Agrawal, Ajay","Joshua Gans, Avi Goldfarb","=""""","=""""",0,3.88,Harvard Business Review Press,Kindle Edition,250,2018,,,2023/01/23,to-read,to-read (#159),to-read,,,,0,0
60479806,The Self-Talk Workout,Rachel Goldsmith Turow,"Turow, Rachel Goldsmith",,"=""""","=""9781611808483""",0,4.06,Shambhala,Paperback,240,2022,,,2023/01/16,to-read,to-read (#158),to-read,,,,0,0
5470,1984,George Orwell,"Orwell, George",,"=""""","=""""",0,4.19,New American Library,Mass Market Paperback,328,1950,1949,2023/01/06,2016/12/08,,,read,,,,1,0
248704,It's Kind of a Funny Story,Ned Vizzini,"Vizzini, Ned",,"=""078685197X""","=""9780786851973""",0,4.09,Disney Hyperion,Paperback,444,2007,2006,2023/01/03,2011/10/09,,,read,,,,1,0
27485,Mating in Captivity: Reconciling the Erotic and the Domestic,Esther Perel,"Perel, Esther",,"=""0060753633""","=""9780060753634""",0,4.17,Harper,Hardcover,272,2006,2006,,2022/12/30,to-read,to-read (#157),to-read,,,,0,0
55655032,How to Change: The Science of Getting from Where You Are to Where You Want to Be,Katy Milkman,"Milkman, Katy",Angela Duckworth,"=""059308375X""","=""9780593083758""",0,3.87,Portfolio,Hardcover,272,2021,2021,,2022/12/28,to-read,to-read (#156),to-read,,,,0,0
59833689,Imaginable: How to See the Future Coming and Feel Ready for Anything―Even Things That Seem Impossible Today,Jane McGonigal,"McGonigal, Jane",,"=""1954118090""","=""9781954118096""",0,4.13,Spiegel & Grau,Hardcover,432,2022,,,2022/12/27,to-read,to-read (#155),to-read,,,,0,0
53328332,Less Is More: How Degrowth Will Save the World,Jason Hickel,"Hickel, Jason","Kofi Klu, Rupert Read","=""1786091216""","=""9781786091215""",0,4.52,Windmill Books,Paperback,336,2021,2020,,2022/12/25,to-read,to-read (#154),to-read,,,,0,0
58784475,"Tomorrow, and Tomorrow, and Tomorrow",Gabrielle Zevin,"Zevin, Gabrielle",,"=""0593321200""","=""9780593321201""",0,4.25,Knopf,Hardcover,416,2022,2022,,2022/12/15,to-read,to-read (#153),to-read,,,,0,0
18222689,A Wolf Called Romeo,Nick Jans,"Jans, Nick",,"=""0547858191""","=""9780547858197""",0,4.16,Houghton Mifflin Harcourt,Hardcover,288,2014,2014,2022/12/15,2021/08/24,,,read,,,,1,0
33555224,"Thunderhead (Arc of a Scythe, #2)",Neal Shusterman,"Shusterman, Neal",,"=""1442472456""","=""9781442472457""",0,4.41,Simon & Schuster Books for Young Readers,Hardcover,504,2018,2018,,2022/12/13,to-read,to-read (#152),to-read,,,,0,0
54493401,Project Hail Mary,Andy Weir,"Weir, Andy",,"=""0593135202""","=""9780593135204""",0,4.52,Ballantine Books,Hardcover,476,2021,2021,2022/12/07,2021/10/09,,,read,,,,1,0
34381254,An Unkindness of Ghosts,Rivers Solomon,"Solomon, Rivers",,"=""1617755885""","=""9781617755880""",0,3.98,Akashic Books,Paperback,351,2017,2017,2022/12/07,2022/12/07,,,read,,,,1,0
763952,The Voyage of the Narwhal,Andrea Barrett,"Barrett, Andrea",,"=""0393319504""","=""9780393319507""",0,3.90,W. W. Norton & Company,Paperback,416,1999,1998,,2022/11/04,to-read,to-read (#151),to-read,,,,0,0
502297,Blonde Indian: An Alaska Native Memoir (Volume 57) (Sun Tracks),Ernestine Hayes,"Hayes, Ernestine",,"=""0816525374""","=""9780816525379""",0,3.86,University of Arizona Press,Paperback,172,2006,2006,,2022/11/02,to-read,to-read (#150),to-read,,,,0,0
14497,"Neverwhere (London Below, #1)",Neil Gaiman,"Gaiman, Neil",,"=""0060557818""","=""9780060557812""",5,4.17,William Morrow Paperbacks,Paperback,370,2003,1996,2022/10/31,2022/10/03,,,read,,,,1,0
32073021,Life After Google: The Fall of Big Data and the Rise of the Blockchain Economy,George Gilder,"Gilder, George",,"=""1621575764""","=""9781621575764""",0,3.56,Regnery Gateway,Hardcover,256,2018,2018,,2022/10/31,to-read,to-read (#149),to-read,,,,0,0
20662430,"Sand (The Sand Chronicles, #1)",Hugh Howey,"Howey, Hugh",,"=""009959515X""","=""9780099595151""",0,3.97,Random House,Paperback,372,2014,2014,,2022/10/28,to-read,to-read (#148),to-read,,,,0,0
6320534,Under the Dome,Stephen King,"King, Stephen",,"=""1439148503""","=""9781439148501""",0,3.91,Scribner,Hardcover,1074,2009,2009,,2022/10/28,to-read,to-read (#147),to-read,,,,0,0
6597651,The Windup Girl,Paolo Bacigalupi,"Bacigalupi, Paolo",,"=""1597801577""","=""9781597801577""",0,3.75,Night Shade Books,Hardcover,359,2009,2009,,2022/10/28,to-read,to-read (#146),to-read,,,,0,0
24611819,The Peripheral (Jackpot #1),William Gibson,"Gibson, William",,"=""0425276236""","=""9780425276235""",0,3.91,Berkley,Paperback,485,2015,2014,,2022/10/28,to-read,to-read (#145),to-read,,,,0,0
61062194,Beyond the Wand: The Magic and Mayhem of Growing Up a Wizard,Tom Felton,"Felton, Tom",,"=""1538741369""","=""9781538741368""",0,4.36,Grand Central Publishing,Hardcover,288,2022,2022,,2022/10/24,to-read,to-read (#144),to-read,,,,0,0
62725917,The Klamath Mountains: A Natural History,Michael Edward Kauffmann,"Kauffmann, Michael Edward",Justin Garwood,"=""194162409X""","=""9781941624098""",0,4.33,Backcountry Press,Hardcover,496,2022,,,2022/10/24,to-read,to-read (#143),to-read,,,,0,0
34912895,The Great Alone,Kristin Hannah,"Hannah, Kristin",,"=""""","=""""",5,4.39,St. Martin's Press,Kindle Edition,435,2018,2018,2022/09/12,2022/09/03,,,read,,,,1,0
52483192,The House in the Cerulean Sea,T.J. Klune,"Klune, T.J.",,"=""1250217318""","=""9781250217318""",0,4.43,Tor Books,Paperback,396,2020,2020,,2022/09/03,to-read,to-read (#142),to-read,,,,0,0
26114430,What a Fish Knows: The Inner Lives of Our Underwater Cousins,Jonathan Balcombe,"Balcombe, Jonathan",,"=""0374288216""","=""9780374288211""",5,4.21,"Scientific American / Farrar, Straus and Giroux",Hardcover,304,2016,2016,2022/09/03,2019/08/30,,,read,,,,1,0
38746164,Seaweed Chronicles: A World at the Water’s Edge,Susan Hand Shetterly,"Shetterly, Susan Hand",,"=""1616205741""","=""9781616205744""",0,3.91,Algonquin Books,Hardcover,288,2018,2018,,2022/08/26,to-read,to-read (#141),to-read,,,,0,0
23215469,Down the Rabbit Hole: Curious Adventures and Cautionary Tales of a Former Playboy Bunny,Holly Madison,"Madison, Holly",,"=""0062372106""","=""9780062372109""",0,3.51,Dey Street Books,Paperback,352,2015,2015,,2022/08/23,to-read,to-read (#140),to-read,,,,0,0
6913830,Blind Descent: The Quest to Discover the Deepest Place on Earth,James M. Tabor,"Tabor, James M.",,"=""1400067677""","=""9781400067671""",0,3.72,Random House,Hardcover,286,2010,2010,,2022/08/21,to-read,to-read (#139),to-read,,,,0,0
30231750,"Deep Survival: Who Lives, Who Dies, and Why",Laurence Gonzales,"Gonzales, Laurence",,"=""0393353710""","=""9780393353716""",0,3.94,W. W. Norton & Company,Paperback,295,2017,1998,2022/08/19,2020/12/20,,,read,,,,1,0
50623864,The Invisible Life of Addie LaRue,V.E. Schwab,"Schwab, V.E.",,"=""0765387565""","=""9780765387561""",0,4.21,Tor Books,Hardcover,444,2020,2020,,2022/08/18,,,read,,,,1,0
25773791,Welcome to the Goddamn Ice Cube: Chasing Fear and Finding Home in the Great White North,Blair Braverman,"Braverman, Blair",,"=""""","=""""",0,3.81,Ecco,Hardcover,274,2016,2016,,2022/08/14,to-read,to-read (#138),to-read,,,,0,0
303880,The White Death: Tragedy and Heroism in an Avalanche Zone,McKay Jenkins,"Jenkins, McKay",,"=""0385720777""","=""9780385720779""",0,3.67,Anchor,Paperback,256,2001,2000,2022/08/02,2020/12/20,,,read,,,,1,0
18775337,Sally Ride: America's First Woman in Space,Lynn Sherr,"Sherr, Lynn",,"=""1476725764""","=""9781476725765""",0,4.13,Simon  Schuster,Hardcover,400,2014,2014,,2022/07/07,to-read,to-read (#137),to-read,,,,0,0
150731,Alan Turing: The Enigma,Andrew Hodges,"Hodges, Andrew",Douglas Hofstadter,"=""0802775802""","=""9780802775801""",0,3.74,Walker Books,Paperback,608,2000,1983,,2022/07/07,to-read,to-read (#136),to-read,,,,0,0
23848559,Furiously Happy: A Funny Book about Horrible Things,Jenny  Lawson,"Lawson, Jenny",,"=""1250077001""","=""9781250077004""",0,3.90,Flatiron Books,Hardcover,329,2015,2015,,2022/07/07,to-read,to-read (#135),to-read,,,,0,0
38180,On the Beach,Nevil Shute,"Shute, Nevil",,"=""""","=""""",0,3.96,House of Stratus,Paperback,296,2002,1957,,2022/06/30,to-read,to-read (#134),to-read,,,,0,0
22733729,"The Long Way to a Small, Angry Planet (Wayfarers, #1)",Becky  Chambers,"Chambers, Becky",,"=""1500453307""","=""9781500453305""",0,4.18,CreateSpace Independent Publishing Platform ,Paperback,518,2014,2014,,2022/05/22,to-read,to-read (#133),to-read,,,,0,0
30223025,"Dread Nation (Dread Nation, #1)",Justina Ireland,"Ireland, Justina",,"=""0062570609""","=""9780062570604""",0,4.14,Balzer + Bray,Hardcover,455,2018,2018,,2022/05/22,to-read,to-read (#132),to-read,,,,0,0
25666050,Algorithms to Live By: The Computer Science of Human Decisions,Brian Christian,"Christian, Brian",Tom  Griffiths,"=""1627790365""","=""9781627790369""",0,4.13,Henry Holt and Co.,Hardcover,368,2016,2016,,2022/03/21,to-read,to-read (#131),to-read,,,,0,0
20901022,"You Don't Know JS: Scope and Closures (You Don't Know JS, #2)",Kyle Simpson,"Simpson, Kyle",,"=""1449335586""","=""9781449335588""",0,4.55,O'Reilly Media,Paperback,98,2014,2014,2022/01/19,2021/02/07,,,read,,,,1,0
3735293,Clean Code: A Handbook of Agile Software Craftsmanship,Robert C. Martin,"Martin, Robert C.",,"=""0132350882""","=""9780132350884""",0,4.39,Pearson,Paperback,464,2008,2007,,2021/12/21,to-read,to-read (#130),to-read,,,,0,0
10079321,"The Magician King (The Magicians, #2)",Lev Grossman,"Grossman, Lev",,"=""043402080X""","=""9780434020805""",0,3.92,William Heinemann,Paperback,548,2011,2011,2021/11/13,2021/09/07,,,read,,,,1,0
89717,The Haunting of Hill House,Shirley Jackson,"Jackson, Shirley",,"=""0143039989""","=""9780143039983""",0,3.82,Penguin Classics,Paperback,182,2006,1959,,2021/10/31,to-read,to-read (#129),to-read,,,,0,0
33865597,"The City of Ember (Book of Ember, #1)",Jeanne DuPrau,"DuPrau, Jeanne",,"=""""","=""""",0,3.89,Yearling Adventure,Paperback,270,2016,2003,2021/10/24,2021/10/17,,,read,,,,1,0
8811139,"Light (Gone, #6)",Michael  Grant,"Grant, Michael",,"=""0061449180""","=""9780061449185""",0,4.36,Katherine Tegen Books,Hardcover,411,2013,2013,2021/10/19,2014/01/05,,,read,,,,1,0
39280445,Nine Perfect Strangers,Liane Moriarty,"Moriarty, Liane",,"=""1250069823""","=""9781250069825""",0,3.54,Flatiron Books,Hardcover,453,2018,2018,,2021/09/15,to-read,to-read (#128),to-read,,,,0,0
13497818,The Casual Vacancy,J.K. Rowling,"Rowling, J.K.",,"=""0316228532""","=""9780316228534""",5,3.30,"Little, Brown and Company",Hardcover,503,2012,2012,2021/09/14,2020/12/19,,,read,,,,1,0
13353667,"Zoo (Zoo, #1)",James Patterson,"Patterson, James",Michael Ledwidge,"=""1846058295""","=""9781846058295""",4,3.50,Century,Hardcover,395,2012,2012,2019/01/23,2018/09/23,,,read,,,,1,0
9969571,"Ready Player One (Ready Player One, #1)",Ernest Cline,"Cline, Ernest",,"=""030788743X""","=""9780307887436""",5,4.23,Crown Publishers,Hardcover,374,2011,2011,2019/06/18,2018/04/05,,,read,,,,2,0
1845,Into the Wild,Jon Krakauer,"Krakauer, Jon",,"=""0385486804""","=""9780385486804""",3,4.00,Anchor Books,Paperback,203,1997,1996,2019/09/12,2018/12/14,,,read,,,,1,0
9791,A Walk in the Woods: Rediscovering America on the Appalachian Trail,Bill Bryson,"Bryson, Bill",,"=""0307279464""","=""9780307279460""",5,4.06,Anchor,Mass Market Paperback,397,2006,1998,2019/09/12,2019/09/12,,,read,,,,1,0
21413662,"What If? Serious Scientific Answers to Absurd Hypothetical Questions (What If?, #1)",Randall Munroe,"Munroe, Randall",,"=""0544272994""","=""9780544272996""",5,4.14,Dey Street Books,Hardcover,303,2014,2014,2019/09/25,2018/09/23,,,read,,,,1,0
15860,State of Fear,Michael Crichton,"Crichton, Michael",,"=""""","=""""",5,3.70,Avon,Mass Market Paperback,672,2005,2004,2019/10/27,2019/09/12,,,read,,,,1,0
31554413,"The Boy on the Bridge (The Girl With All the Gifts, #2)",M.R. Carey,"Carey, M.R.",,"=""0316300330""","=""9780316300339""",5,3.96,Orbit,ebook,369,2017,2017,2019/12/13,2018/06/30,,,read,,,,1,0
17235026,"The Girl with All the Gifts (The Girl with All the Gifts, #1)",M.R. Carey,"Carey, M.R.",,"=""0356500152""","=""9780356500157""",5,3.95,Orbit ,Paperback,461,2014,2014,,2019/12/12,,,read,,,,1,0
17306293,"Shift (Silo, #2)",Hugh Howey,"Howey, Hugh",,"=""""","=""""",5,4.12,Broad Reach Publishing,Kindle Edition,579,2013,2013,2019/12/30,2018/07/28,,,read,,,,1,0
1898,Into Thin Air: A Personal Account of the Mount Everest Disaster,Jon Krakauer,"Krakauer, Jon",,"=""""","=""""",5,4.23,Anchor Books,Paperback,368,1999,1997,2020/01/19,2018/12/14,,,read,,,,1,0
9532,"Ender's Shadow (The Shadow Series, #1)",Orson Scott Card,"Card, Orson Scott",,"=""0765342405""","=""9780765342409""",5,4.31,Starscape,Paperback,469,2002,1999,2020/05/19,2014/01/02,,,read,,,,2,0
6101718,"The Magicians (The Magicians, #1)",Lev Grossman,"Grossman, Lev",,"=""0670020559""","=""9780670020553""",4,3.53,Viking,Hardcover,402,2009,2009,2020/05/24,2020/05/20,,,read,,,,1,0
24036,The Last Dive: A Father and Son's Fatal Descent into the Ocean's Depths,Bernie Chowdhury,"Chowdhury, Bernie",,"=""0060932597""","=""9780060932596""",5,4.05,Harper Perennial,Paperback,384,2002,2000,2020/05/24,2020/04/12,,,read,,,,1,0
7661,Next,Michael Crichton,"Crichton, Michael",,"=""0060872985""","=""9780060872984""",5,3.52,Harper,Hardcover,431,2006,2006,2020/06/04,2020/06/04,,,read,,,,1,0
36124936,The Outsider,Stephen King,"King, Stephen",,"=""1501180983""","=""9781501180989""",5,4.00,Scribner,Hardcover,561,2018,2018,2020/06/28,2020/04/12,,,read,,,,1,0
20910157,Yes Please,Amy Poehler,"Poehler, Amy",,"=""0062268341""","=""9780062268341""",5,3.84,Dey St.,Hardcover,329,2014,2014,2020/08/10,2020/08/09,,,read,,,,1,0
2429135,"The Girl with the Dragon Tattoo (Millennium, #1)",Stieg Larsson,"Larsson, Stieg",Reg Keeland,"=""0670069019""","=""9780670069019""",3,4.16,Viking,Hardcover,480,2008,2005,2020/12/02,2020/06/04,,,read,,,,1,0
22451553,"Deep: Freediving, Renegade Science, and What the Ocean Tells Us About Ourselves",James Nestor,"Nestor, James",,"=""""","=""""",5,4.45,Mariner Books,Kindle Edition,285,2014,2014,2020/12/05,2020/06/05,,,read,,,,1,0
688191,"Everlost (Skinjacker, #1)",Neal Shusterman,"Shusterman, Neal",,"=""0689872372""","=""9780689872372""",4,3.96,Simon & Schuster Books for Young Readers,Hardcover,320,2006,2006,2020/12/22,2014/01/05,,,read,,,,1,0
8520610,Quiet: The Power of Introverts in a World That Can't Stop Talking,Susan Cain,"Cain, Susan",,"=""0307352145""","=""9780307352149""",5,4.07,"Crown Publishing Group/Random House, Inc.",Hardcover,333,2012,2012,2020/12/28,2019/06/09,,,read,,,,1,0
132384,Once Upon a More Enlightened Time: More Politically Correct Bedtime Stories,James Finn Garner,"Garner, James Finn",,"=""0028604199""","=""9780028604190""",4,3.67,Macmillan Publishing Company,Paperback,165,1995,1995,2021/02/16,2021/02/13,,,read,,,,1,0
68146,The Swarm,Frank Schatzing,"Schatzing, Frank",,"=""0060813261""","=""9780060813260""",0,4.09,Regan Books,Hardcover,881,2006,2004,2021/04/12,2020/12/06,,,read,,,,1,0
43852758,How To: Absurd Scientific Advice for Common Real-World Problems,Randall Munroe,"Munroe, Randall",,"=""0525537090""","=""9780525537090""",5,4.15,Riverhead Books,Hardcover,308,2019,2019,2021/05/04,2021/04/05,,,read,,,,1,0
13446642,The Ultimate Beginner's Running Guide: The Key to Running Inspired,Ryan Robert,"Robert, Ryan",,"=""""","=""""",4,3.66,,Kindle Edition,138,2012,2012,2021/05/06,2021/01/01,,,read,,,,1,0
18007564,The Martian,Andy Weir,"Weir, Andy",,"=""0804139024""","=""9780804139021""",5,4.41,Crown,Hardcover,384,2014,2011,2021/05/17,2018/07/08,,,read,,,,1,0
552665,The Worst-Case Scenario Survival Handbook,Joshua Piven,"Piven, Joshua",David Borgenicht,"=""0811825558""","=""9780811825559""",5,3.62,Chronicle Books,Paperback,176,1999,1999,2021/05/20,2021/05/18,,,read,,,,1,0
121410,Adrift: Seventy-Six Days Lost at Sea,Steven Callahan,"Callahan, Steven",,"=""0618257322""","=""9780618257324""",4,4.13,Mariner Books,Paperback,344,2002,1986,2021/08/11,2018/12/14,,,read,,,,1,0
29056083,"Harry Potter and the Cursed Child: Parts One and Two (Harry Potter, #8)",J.K. Rowling,"Rowling, J.K.","Jack Thorne, John Tiffany","=""""","=""""",5,3.51,"Little, Brown",Hardcover,343,2016,2016,2021/08/12,2017/06/22,,,read,,,,1,0
27213329,Grit: The Power of Passion and Perseverance,Angela Duckworth,"Duckworth, Angela",,"=""1443442313""","=""9781443442312""",3,4.08,Collins,Hardcover,277,2016,2016,2021/08/24,2020/06/26,,,read,,,,1,0
52129515,Untamed,Glennon Doyle,"Doyle, Glennon",Glennon Doyle Melton,"=""1984801252""","=""9781984801258""",3,4.00,The Dial Press,Hardcover,333,2020,2020,2021/08/28,2020/06/27,,,read,,,,2,0
4214,Life of Pi,Yann Martel,"Martel, Yann",,"=""0770430074""","=""9780770430078""",5,3.93,Seal Books,Paperback,460,2006,2001,2021/09/01,2021/08/28,,,read,,,,1,0
890,Of Mice and Men,John Steinbeck,"Steinbeck, John",,"=""0142000671""","=""9780142000670""",0,3.88,Penguin Books,Paperback,103,2002,1937,,2016/12/08,,,read,,,,1,0
8532187,"Kook: What Surfing Taught Me About Love, Life, and Catching the Perfect Wave",Peter Heller,"Heller, Peter",,"=""1439171815""","=""9781439171813""",0,3.79,Free Press,ebook,336,2010,2010,,2021/08/26,to-read,to-read (#127),to-read,,,,0,0
56098122,The Guide,Peter Heller,"Heller, Peter",,"=""0525657762""","=""9780525657767""",0,3.64,Alfred A. Knopf,Hardcover,257,2021,2021,,2021/08/26,to-read,to-read (#126),to-read,,,,0,0
55723020,Dopamine Nation: Finding Balance in the Age of Indulgence,Anna Lembke,"Lembke, Anna",,"=""1524746738""","=""9781524746735""",0,3.93,Dutton Books,Unknown Binding,305,2021,2021,,2021/08/26,to-read,to-read (#125),to-read,,,,0,0
238405,The Grizzly Maze: Timothy Treadwell's Fatal Obsession with Alaskan Bears,Nick Jans,"Jans, Nick",,"=""0452287359""","=""9780452287358""",0,3.77,Plume,Paperback,304,2006,2005,,2021/08/24,to-read,to-read (#124),to-read,,,,0,0
41044096,Island of the Blue Dolphins,Scott O'Dell,"O'Dell, Scott",,"=""""","=""""",0,3.86,HMH Books for Young Readers,Kindle Edition,194,2010,1960,,2021/05/17,,,read,,,,1,0
52905471,Why We Swim,Bonnie Tsui,"Tsui, Bonnie",,"=""1616207868""","=""9781616207861""",0,3.97,Algonquin Books,Hardcover,288,2020,2020,,2021/04/10,to-read,to-read (#123),to-read,,,,0,0
25329850,Thing Explainer: Complicated Stuff in Simple Words,Randall Munroe,"Munroe, Randall",,"=""0544668251""","=""9780544668256""",0,4.14,Dey Street Books,Hardcover,64,2015,2015,,2021/04/05,currently-reading,currently-reading (#1),currently-reading,,,,1,0
227789,The Wives of Bath,Susan   Swan,"Swan, Susan",,"=""1862071373""","=""9781862071377""",0,3.42,Granta Books,Paperback,256,1998,1993,,2021/02/14,to-read,to-read (#122),to-read,,,,0,0
25136217,You Don't Know JS: Up & Going,Kyle Simpson,"Simpson, Kyle",,"=""1491924411""","=""9781491924419""",0,4.34,"O'Reilly Media, Inc.",ebook,72,2015,2015,2021/02/08,2021/02/07,,,read,,,,1,0
23214265,The Biology of Desire: Why Addiction Is Not a Disease,Marc  Lewis,"Lewis, Marc",,"=""1610394372""","=""9781610394376""",0,4.10,PublicAffairs,Hardcover,256,2015,2015,,2021/01/07,to-read,to-read (#121),to-read,,,,0,0
64895,Cod: A Biography of the Fish that Changed the World,Mark Kurlansky,"Kurlansky, Mark",,"=""0099268701""","=""9780099268703""",0,3.92,Vintage/Ebury,Paperback,294,1999,1997,,2020/12/22,to-read,to-read (#120),to-read,,,,0,0
16158542,The Boys in the Boat: Nine Americans and Their Epic Quest for Gold at the 1936 Berlin Olympics,Daniel James Brown,"Brown, Daniel James",,"=""067002581X""","=""9780670025817""",0,4.37,Viking,Hardcover,404,2013,2013,,2020/12/22,to-read,to-read (#119),to-read,,,,0,0
9206583,"Long Lankin (Long Lankin, #1)",Lindsey Barraclough,"Barraclough, Lindsey",,"=""0370331966""","=""9780370331966""",3,3.73,Bodley Head,Hardcover,464,2011,2011,2020/12/21,2020/12/20,,,read,,,,1,0
24770,"Uglies (Uglies, #1)",Scott Westerfeld,"Westerfeld, Scott",,"=""""","=""""",0,3.85,Simon Pulse,Paperback,425,2005,2005,,2020/12/19,to-read,to-read (#118),to-read,,,,0,0
1953,A Tale of Two Cities,Charles Dickens,"Dickens, Charles",Richard Maxwell,"=""0141439602""","=""9780141439600""",0,3.86,Penguin Books,Paperback,489,2003,1859,,2020/12/19,,,read,,,,1,0
17465709,Braiding Sweetgrass,Robin Wall Kimmerer,"Kimmerer, Robin Wall",,"=""1571313354""","=""9781571313355""",0,4.56,Milkweed Editions,Hardcover,391,2013,2013,,2020/12/05,to-read,to-read (#117),to-read,,,,0,0
6493208,The Immortal Life of Henrietta Lacks,Rebecca Skloot,"Skloot, Rebecca",,"=""1400052173""","=""9781400052172""",0,4.10,Crown Publishing Group,Hardcover,370,2010,2010,,2020/12/02,to-read,to-read (#116),to-read,,,,0,0
26082916,"Ready Player Two (Ready Player One, #2)",Ernest Cline,"Cline, Ernest",,"=""1524761338""","=""9781524761332""",0,3.43,Ballantine Books,Hardcover,370,2020,2020,,2020/12/02,to-read,to-read (#115),to-read,,,,0,0
51080382,"A Deadly Education (The Scholomance, #1)",Naomi Novik,"Novik, Naomi",,"=""""","=""""",0,4.00,Del Rey,Kindle Edition,338,2020,2020,,2020/12/02,to-read,to-read (#114),to-read,,,,0,0
18045891,Sharp Objects,Gillian Flynn,"Flynn, Gillian",,"=""""","=""""",0,4.01,Broadway Paperbacks,Paperback,254,2006,2006,2020/11/12,2020/08/13,,,read,,,,1,0
49397876,"Cassandra Speaks: When Women Are the Storytellers, the Human Story Changes",Elizabeth Lesser,"Lesser, Elizabeth",,"=""0062887181""","=""9780062887184""",0,4.10,Harper Wave,Hardcover,304,2020,2020,,2020/11/02,to-read,to-read (#113),to-read,,,,0,0
33516773,Big Little Lies,Liane Moriarty,"Moriarty, Liane",,"=""0399587195""","=""9780399587191""",0,4.30,Berkley,Paperback,460,2017,2014,2020/08/10,2020/08/09,,,read,,,,1,0
7670,"The Andromeda Strain (Andromeda, #1)",Michael Crichton,"Crichton, Michael",,"=""0060541814""","=""9780060541811""",0,3.91,Avon,Mass Market Paperback,327,2003,1969,,2020/07/23,to-read,to-read (#112),to-read,,,,0,0
338638,Crime Scene: The Ultimate Guide to Forensic Science,Richard Platt,"Platt, Richard",,"=""0756618967""","=""9780756618964""",0,3.84,DK Children,Paperback,144,2006,2003,,2020/07/12,to-read,to-read (#111),to-read,,,,0,0
587876,Inside the Criminal Mind,Stanton E. Samenow,"Samenow, Stanton E.",,"=""140004619X""","=""9781400046195""",0,3.81,Crown,Hardcover,288,2004,1984,,2020/07/12,to-read,to-read (#110),to-read,,,,0,0
94339,The Anatomy of Motive: The FBI's Legendary Mindhunter Explores the Key to Understanding and Catching Violent Criminals,John E. Douglas,"Douglas, John E.",Mark Olshaker,"=""0671023934""","=""9780671023935""",0,4.17,Pocket Books,Mass Market Paperback,432,2000,1999,,2020/07/12,to-read,to-read (#109),to-read,,,,0,0
20696047,Dangerous Personalities: An FBI Profiler Shows You How to Identify and Protect Yourself from Harmful People,Joe Navarro,"Navarro, Joe",Toni Sciarra Poynter,"=""1623361923""","=""9781623361921""",0,3.86,Rodale Books,Hardcover,242,2014,2014,,2020/07/12,to-read,to-read (#108),to-read,,,,0,0
18775327,"Working Stiff: Two Years, 262 Bodies, and the Making of a Medical Examiner",Judy Melinek MD,"MD, Judy Melinek",T.J. Mitchell,"=""1476727252""","=""9781476727257""",0,4.24,Scribner,Hardcover,258,2014,2014,,2020/07/12,to-read,to-read (#107),to-read,,,,0,0
16248146,Lost Girls: An Unsolved American Mystery,Robert Kolker,"Kolker, Robert",,"=""006218363X""","=""9780062183637""",0,3.60,Harper,Hardcover,399,2013,2013,,2020/07/12,to-read,to-read (#106),to-read,,,,0,0
23214337,"Forensics: What Bugs, Burns, Prints, DNA and More Tell Us About Crime",Val McDermid,"McDermid, Val",,"=""0802123910""","=""9780802123916""",0,4.08,Grove Press,Hardcover,310,2015,2014,,2020/07/12,to-read,to-read (#105),to-read,,,,0,0
419407,True Stories of Law & Order: SVU: The Real Crimes Behind the Best Episodes of the Hit TV Show,Kevin  Dwyer,"Dwyer, Kevin",Juré Fiorillo,"=""0425217353""","=""9780425217351""",0,3.82,Berkley Books,Paperback,260,2007,2007,,2020/07/12,to-read,to-read (#104),to-read,,,,0,0
79085,Whoever Fights Monsters: My Twenty Years Tracking Serial Killers for the FBI,Robert K. Ressler,"Ressler, Robert K.","Tom Shachtman, Charles Spicer","=""0312950446""","=""9780312950446""",0,4.06,St. Martin's Paperbacks,Mass Market Paperback,304,1993,1992,,2020/07/12,to-read,to-read (#103),to-read,,,,0,0
23807,"The Silence of the Lambs  (Hannibal Lecter, #2)",Thomas  Harris,"Harris, Thomas",,"=""""","=""""",0,4.24,Arrow Books,Paperback,421,2002,1988,,2020/07/12,to-read,to-read (#102),to-read,,,,0,0
126584,Mind Hunter: Inside the FBI's Elite Serial Crime Unit,John E. Douglas,"Douglas, John E.",Mark Olshaker,"=""0671528904""","=""9780671528904""",0,4.08,Pocket Books,Mass Market Paperback,397,1996,1995,,2020/07/12,to-read,to-read (#101),to-read,,,,0,0
45894059,Good to Go: What the Athlete in All of Us Can Learn from the Strange Science of Recovery,Christie Aschwanden,"Aschwanden, Christie",,"=""0393357716""","=""9780393357714""",0,4.03,W. W. Norton & Company,Paperback,320,2020,2019,,2020/07/05,to-read,to-read (#100),to-read,,,,0,0
15722490,"UnStrung (Unwind, #1.5)",Neal Shusterman,"Shusterman, Neal",Michelle Knowlden,"=""""","=""""",0,3.92,Simon & Schuster Books for Young Readers,Kindle Edition,99,2012,2012,2020/06/27,2014/01/05,,,read,,,,1,0
8667848,"A Discovery of Witches (All Souls, #1)",Deborah Harkness,"Harkness, Deborah",,"=""0670022411""","=""9780670022410""",0,4.02,Viking Penguin,Hardcover,579,2011,2011,,2020/06/09,to-read,to-read (#99),to-read,,,,0,0
27833670,Dark Matter,Blake Crouch,"Crouch, Blake",,"=""1101904224""","=""9781101904220""",0,4.13,Ballantine Books,Hardcover,352,2016,2016,,2020/06/09,to-read,to-read (#98),to-read,,,,0,0
803315,Mysteries of the sea,Doug Perrine,"Perrine, Doug",,"=""0785324305""","=""9780785324300""",0,4.00,Publications International,Hardcover,312,1997,1997,2020/06/04,2017/08/12,,,read,,,,1,0
1237798,"The Dependent Gene: The Fallacy of ""Nature vs. Nurture""",David S.  Moore,"Moore, David S.",,"=""0805072802""","=""9780805072808""",0,3.93,Holt Paperbacks,Paperback,320,2003,2002,,2020/06/04,to-read,to-read (#97),to-read,,,,0,0
683108,The Science of Desire: The Search for the Gay Gene and the Biology of Behavior,Dean H. Hamer,"Hamer, Dean H.",Peter  Copeland,"=""0684804468""","=""9780684804460""",0,3.87,Touchstone,Paperback,272,1995,1994,,2020/06/04,to-read,to-read (#96),to-read,,,,0,0
34758417,Spineless: The Science of Jellyfish and the Art of Growing a Backbone,Juli Berwald,"Berwald, Juli",,"=""0735211264""","=""9780735211261""",0,3.73,Riverhead Books,Hardcover,336,2017,2017,,2020/05/19,to-read,to-read (#95),to-read,,,,0,0
30231743,Are We Smart Enough to Know How Smart Animals Are?,Frans de Waal,"Waal, Frans de",,"=""0393353664""","=""9780393353662""",0,3.96,W. W. Norton & Company,Paperback,275,2017,2016,,2020/05/19,to-read,to-read (#94),to-read,,,,0,0
36391536,"She Has Her Mother's Laugh: The Powers, Perversions, and Potential of Heredity",Carl Zimmer,"Zimmer, Carl",,"=""1101984597""","=""9781101984598""",0,4.17,Dutton,Hardcover,657,2018,2018,,2020/05/19,to-read,to-read (#93),to-read,,,,0,0
1662160,Your Inner Fish: a Journey into the 3.5-Billion-Year History of the Human Body,Neil Shubin,"Shubin, Neil",,"=""0375424474""","=""9780375424472""",0,4.03,Pantheon,Hardcover,229,2008,2008,,2020/05/19,to-read,to-read (#92),to-read,,,,0,0
4591,Genome: the Autobiography of a Species in 23 Chapters,Matt Ridley,"Ridley, Matt",,"=""0060894083""","=""9780060894085""",0,4.05,Harper Perennial,Paperback,344,2006,1999,,2020/05/19,to-read,to-read (#91),to-read,,,,0,0
61535,The Selfish Gene,Richard Dawkins,"Dawkins, Richard",,"=""0199291152""","=""9780199291151""",0,4.15,Oxford University Press,Paperback,360,2006,1976,,2020/05/19,to-read,to-read (#90),to-read,,,,0,0
27276428,The Gene: An Intimate History,Siddhartha Mukherjee,"Mukherjee, Siddhartha",,"=""""","=""""",0,4.35,Scribner,Hardcover,592,2016,2016,,2020/05/19,to-read,to-read (#89),to-read,,,,0,0
26813119,Virus X,Frank   Ryan,"Ryan, Frank",,"=""""","=""9781874082767""",0,3.95,Swift Publishers,Kindle Edition,388,2015,1996,,2020/04/03,to-read,to-read (#88),to-read,,,,0,0
32145,Stiff: The Curious Lives of Human Cadavers,Mary Roach,"Roach, Mary",,"=""0393324826""","=""9780393324822""",0,4.06,W. W. Norton  Company,Paperback,303,2004,2003,,2020/03/09,to-read,to-read (#87),to-read,,,,0,0
1202,Freakonomics: A Rogue Economist Explores the Hidden Side of Everything,Steven D. Levitt,"Levitt, Steven D.",Stephen J. Dubner,"=""0061234001""","=""9780061234002""",0,4.00,William Morrow,Hardcover,268,2006,2005,,2020/03/09,to-read,to-read (#86),to-read,,,,0,0
56465,The Gift of Fear: Survival Signals That Protect Us from Violence,Gavin de Becker,"Becker, Gavin de",,"=""0747538352""","=""9780747538356""",0,4.17,Bloomsbury Publishing PLC,Paperback,352,2000,1996,,2020/03/09,to-read,to-read (#85),to-read,,,,0,0
46207666,"Food Fix: How to Save Our Health, Our Economy, Our Communities, and Our Planet-One Bite at a Time",Dr. Mark Hyman MD,"MD, Dr. Mark Hyman",,"=""031645317X""","=""9780316453172""",0,4.10,"Little, Brown Spark",Hardcover,400,2020,2020,,2020/03/07,to-read,to-read (#84),to-read,,,,0,0
18108877,"Timebound (The Chronos Files, #1)",Rysa Walker,"Walker, Rysa",,"=""""","=""""",0,3.89,Skyscape,Kindle Edition,366,2014,2012,,2019/12/31,to-read,to-read (#83),to-read,,,,0,0
29430686,The River at Night,Erica Ferencik,"Ferencik, Erica",,"=""1501143190""","=""9781501143199""",0,3.50,Gallery/Scout Press,Hardcover,304,2017,2017,,2018/07/22,to-read,to-read (#82),to-read,,,,0,0
18223048,Frankenstorm,Ray Garton,"Garton, Ray",,"=""0786034076""","=""9780786034079""",0,3.20,Pinnacle,Paperback,409,2014,2014,2019/10/05,2018/07/20,,,read,,,,1,0
13023,Alice in Wonderland,Jane Carruth,"Carruth, Jane","Lewis Carroll, Rene Cloke","=""0517223627""","=""9780517223628""",0,4.03,Gramercy,Hardcover,96,2004,1865,2019/10/01,2019/09/26,,,read,,,,2,0
22557272,The Girl on the Train,Paula Hawkins,"Hawkins, Paula",,"=""1594633665""","=""9781594633669""",0,3.95,Riverhead Books,Hardcover,336,2015,2015,2019/09/24,2018/07/20,,,read,,,,1,0
43418784,"Boys Will Be Boys: Power, Patriarchy and Toxic Masculinity",Clementine Ford,"Ford, Clementine",,"=""1786076632""","=""9781786076632""",0,4.21,Oneworld Publications,Paperback,362,2019,2018,,2019/08/30,to-read,to-read (#81),to-read,,,,0,0
7094569,"Feed (Newsflesh, #1)",Mira Grant,"Grant, Mira",,"=""0316081051""","=""9780316081054""",0,3.85,Orbit,Mass Market Paperback,599,2010,2010,2019/06/09,2018/06/30,,,read,,,,1,0
40670312,The One,John Marrs,"Marrs, John",,"=""""","=""""",4,4.11,Hanover Square Press,Kindle Edition,418,2018,2016,2019/05/03,2019/04/28,,,read,,,,1,0
17166225,The Miracle Morning: The Not-So-Obvious Secret Guaranteed to Transform Your Life: Before 8AM,Hal Elrod,"Elrod, Hal",,"=""""","=""""",0,3.91,,Kindle Edition,172,2012,2012,2019/04/04,2019/04/03,,,read,,,,2,0
44765241,Grave Descend,John Lange,"Lange, John",Michael Crichton,"=""""","=""""",0,3.72,Open Road Media Mystery & Thriller,Kindle Edition,203,2019,1970,2019/04/03,2019/03/30,,,read,,,,1,0
17793223,"The Atlantis Gene (The Origin Mystery, #1)",A.G. Riddle,"Riddle, A.G.",,"=""1940026016""","=""9781940026015""",0,3.78,,Paperback,448,2013,2013,2019/03/09,2018/07/28,,,read,,,,1,0
36739330,"Spying on Whales: The Past, Present, and Future of Earth's Most Awesome Creatures",Nick Pyenson,"Pyenson, Nick",,"=""0735224560""","=""9780735224568""",0,3.79,Viking,Hardcover,336,2018,2018,,2019/01/23,to-read,to-read (#80),to-read,,,,0,0
40277241,Brief Answers to the Big Questions,Stephen Hawking,"Hawking, Stephen",,"=""1984819194""","=""9781984819192""",0,4.29,Bantam,Hardcover,256,2018,2018,,2019/01/23,to-read,to-read (#79),to-read,,,,0,0
33898233,Iced In: Ten Days Trapped on the Edge of Antarctica,Chris Turney,"Turney, Chris",,"=""080653852X""","=""9780806538525""",0,3.73,Citadel,Hardcover,320,2017,,,2018/12/14,to-read,to-read (#78),to-read,,,,0,0
18600,Touching the Void: The True Story of One Man's Miraculous Survival,Joe Simpson,"Simpson, Joe",,"=""0060730552""","=""9780060730550""",0,4.22,Harper Perennial,Paperback,218,2004,1988,,2018/12/14,to-read,to-read (#77),to-read,,,,0,0
41108415,The Boys in the Cave: Deep Inside the Impossible Rescue in Thailand,Matt Gutman,"Gutman, Matt",,"=""0062909916""","=""9780062909916""",0,4.24,William Morrow,Hardcover,320,2018,2018,,2018/12/13,to-read,to-read (#76),to-read,,,,0,0
6424171,"Jurassic Park (Jurassic Park, #1)",Michael Crichton,"Crichton, Michael",,"=""0345370775""","=""9780345370778""",0,4.08,Ballantine Books,Mass Market Paperback,416,1991,1990,,2018/02/14,to-read,to-read (#46),to-read,,,,0,0
13597728,"Asylum (Asylum, #1)",Madeleine Roux,"Roux, Madeleine",,"=""0062220969""","=""9780062220967""",4,3.64,HarperTeen,Hardcover,317,2013,2013,2018/12/01,2014/03/21,,,read,,,,1,0
13162,"When the Wind Blows (When the Wind Blows, #1)",James Patterson,"Patterson, James",,"=""0446676438""","=""9780446676434""",0,3.93,Grand Central Publishing,Paperback,416,2000,1998,,2018/10/28,to-read,to-read (#75),to-read,,,,0,0
34820588,"Dead End Girl (Violet Darger, #1)",L.T. Vargus,"Vargus, L.T.",Tim McBain,"=""""","=""""",3,4.19,Smarmy Press ,Kindle Edition,495,2017,2017,2018/10/25,2018/10/25,,,read,,,,1,0
25733983,Lab Girl,Hope Jahren,"Jahren, Hope",,"=""1101874937""","=""9781101874936""",0,3.98,Knopf,Hardcover,290,2016,2016,,2018/10/17,to-read,to-read (#74),to-read,,,,0,0
436681,Wildlife Wars: The Life and Times of a Fish and Game Warden,Terry Grosz,"Grosz, Terry",,"=""1555662455""","=""9781555662455""",0,4.05,Johnson Books,Hardcover,320,2000,1999,,2018/10/17,to-read,to-read (#73),to-read,,,,0,0
494562,Running the Amazon,Joe Kane,"Kane, Joe",,"=""067972902X""","=""9780679729020""",4,3.95,Vintage,Paperback,281,1990,1989,2018/04/24,2017/08/12,,,read,,,,1,0
23492651,The Hand That Feeds You,A.J. Rich,"Rich, A.J.","Amy Hempel, Jill Ciment","=""1476774587""","=""9781476774589""",5,3.33,Scribner,Hardcover,273,2015,2015,2018/07/30,2018/07/28,,,read,,,,1,0
23645343,"The Silent Girls (Canaan Crime, #2)",Eric Rickstad,"Rickstad, Eric",,"=""0062351540""","=""9780062351548""",0,3.72,William Morrow Paperbacks,Paperback,373,2015,2014,,2018/09/24,to-read,to-read (#72),to-read,,,,0,0
3243166,Skin,Ted Dekker,"Dekker, Ted",,"=""1595543368""","=""9781595543363""",0,3.78,Thomas Nelson,Paperback,416,2008,2006,,2018/09/24,to-read,to-read (#71),to-read,,,,0,0
6435064,Swimming to Antarctica,Lynne Cox,"Cox, Lynne",,"=""""","=""""",4,4.16,Harcourt,Paperback,360,,2004,2018/09/23,2018/04/25,,,read,,,,1,0
28954189,"Scythe (Arc of a Scythe, #1)",Neal Shusterman,"Shusterman, Neal",,"=""""","=""""",0,4.33,Simon Schuster Books for Young Readers,Hardcover,435,2016,2016,,2018/09/23,to-read,to-read (#70),to-read,,,,0,0
7663,A Case of Need,Jeffery Hudson,"Hudson, Jeffery",Michael Crichton,"=""0451210638""","=""9780451210630""",5,3.75,Berkley,Mass Market Paperback,416,2003,1968,2018/09/23,2018/09/22,,,read,,,,1,0
13514612,All Our Yesterdays,Cristin Terrill,"Terrill, Cristin",,"=""1423176375""","=""9781423176374""",0,4.02,Disney Hyperion,Hardcover,362,2013,2013,,2018/09/10,to-read,to-read (#69),to-read,,,,0,0
9644151,"Ashfall (Ashfall, #1)",Mike Mullin,"Mullin, Mike",,"=""1933718552""","=""9781933718552""",0,3.98,Tanglewood Press,Hardcover,466,2011,2011,,2018/09/10,to-read,to-read (#68),to-read,,,,0,0
105744,"Meg (MEG, #1)",Steve Alten,"Alten, Steve",,"=""0976165910""","=""9780976165910""",4,3.76,Tsunami Books,Paperback,438,2005,1997,2018/09/10,2018/08/07,,,read,,,,1,0
31131467,"The Gender Game (The Gender Game, #1)",Bella Forrest,"Forrest, Bella",,"=""""","=""""",0,3.86,,Kindle Edition,418,2016,2016,,2018/08/07,to-read,to-read (#67),to-read,,,,0,0
34291429,Thirst,L.A. Larkin,"Larkin, L.A.",,"=""1472125894""","=""9781472125897""",0,3.61,Constable,Paperback,352,2017,2012,,2018/08/07,to-read,to-read (#66),to-read,,,,0,0
5603935,My Abandonment,Peter Rock,"Rock, Peter",,"=""0151014140""","=""9780151014149""",0,3.57,Houghton Mifflin Harcourt,Hardcover,225,2009,2009,,2018/08/07,to-read,to-read (#65),to-read,,,,0,0
583699,Thr3e,Ted Dekker,"Dekker, Ted",,"=""0849945127""","=""9780849945120""",0,4.07,Thomas Nelson,Paperback,352,2004,2003,,2018/07/22,to-read,to-read (#64),to-read,,,,0,0
27206428,Shackled,Tom Leveen,"Leveen, Tom",,"=""1481422502""","=""9781481422505""",0,3.64,Simon  Schuster Books for Young Readers,Paperback,256,2016,2015,,2018/07/22,to-read,to-read (#63),to-read,,,,0,0
13453029,"Wool Omnibus (Silo, #1)",Hugh Howey,"Howey, Hugh",,"=""""","=""""",4,4.21,Broad Reach Publishing,Kindle Edition,509,2012,2012,2018/07/22,2018/06/27,,,read,,,,1,0
28220842,Stranded,Bracken MacLeod,"MacLeod, Bracken",,"=""0765382431""","=""9780765382436""",0,3.44,Tor Books,Hardcover,304,2016,2016,,2018/07/22,to-read,to-read (#62),to-read,,,,0,0
16057298,North American Lake Monsters,Nathan Ballingrud,"Ballingrud, Nathan",,"=""1618730592""","=""9781618730596""",0,4.00,Small Beer Press,Hardcover,205,2013,2013,,2018/07/22,to-read,to-read (#61),to-read,,,,0,0
26030686,"Close Your Eyes (Joseph O'Loughlin, #8)",Michael Robotham,"Robotham, Michael",,"=""0316267945""","=""9780316267946""",0,4.20,Mulholland Books,Hardcover,383,2016,2015,,2018/07/20,to-read,to-read (#60),to-read,,,,0,0
17934474,Doing Harm,Kelly  Parsons,"Parsons, Kelly",,"=""1250033470""","=""9781250033475""",0,3.67,St. Martin's Press,Hardcover,368,2014,2014,,2018/07/20,to-read,to-read (#59),to-read,,,,0,0
18716296,The Killer Next Door,Alex Marwood,"Marwood, Alex",,"=""0751550698""","=""9780751550696""",0,3.64,Sphere,Paperback,387,2014,2013,,2018/07/20,to-read,to-read (#58),to-read,,,,0,0
22926521,The Accident,Chris  Pavone,"Pavone, Chris",,"=""0385348479""","=""9780385348478""",0,3.61,Ballantine Books,Paperback,416,2015,2014,,2018/07/20,to-read,to-read (#57),to-read,,,,0,0
23341578,Broken Monsters (Reading Group Guide),Lauren Beukes,"Beukes, Lauren",,"=""031621681X""","=""9780316216814""",0,3.59,Mulholland Books,Paperback,441,2015,2014,,2018/07/20,to-read,to-read (#56),to-read,,,,0,0
20821614,"You (You, #1)",Caroline Kepnes,"Kepnes, Caroline",,"=""1476785597""","=""9781476785592""",0,3.95,Atria/Emily Bestler Books,Hardcover,424,2014,2014,,2018/07/20,to-read,to-read (#55),to-read,,,,0,0
19486412,Big Little Lies,Liane Moriarty,"Moriarty, Liane",,"=""0399167064""","=""9780399167065""",0,4.30,Amy Einhorn Books,Hardcover,458,2014,2014,,2018/07/20,to-read,to-read (#54),to-read,,,,0,0
20613525,Bad Country,C.B. McKenzie,"McKenzie, C.B.",,"=""1250053544""","=""9781250053541""",0,3.63,Minotaur Books,Hardcover,292,2014,2014,,2018/07/20,to-read,to-read (#53),to-read,,,,0,0
23019294,A Head Full of Ghosts,Paul Tremblay,"Tremblay, Paul",,"=""0062363239""","=""9780062363237""",0,3.80,William Morrow,Hardcover,286,2015,2015,,2018/07/20,to-read,to-read (#52),to-read,,,,0,0
17950614,"UnDivided (Unwind, #4)",Neal Shusterman,"Shusterman, Neal",,"=""""","=""""",5,4.46,Simon & Schuster,Hardcover,372,2014,2014,2018/05/15,2017/08/29,,,read,,,,1,0
25551332,"UnBound (Unwind, #4.5)",Neal Shusterman,"Shusterman, Neal","Brendan Shusterman, Jarrod Shusterman, Michelle Knowlden, Terry  Black","=""1481457233""","=""9781481457231""",0,4.23,Simon & Schuster,Hardcover,305,2015,2015,,2018/04/23,to-read,to-read (#51),to-read,,,,0,0
12792658,"UnSouled (Unwind, #3)",Neal Shusterman,"Shusterman, Neal",,"=""147111810X""","=""9781471118104""",4,4.23,Simon & Schuster UK,Paperback,404,2013,2013,2018/04/22,2014/01/05,,,read,,,,1,0
29385546,"Warcross (Warcross, #1)",Marie Lu,"Lu, Marie",,"=""0399547967""","=""9780399547966""",0,4.14,G.P. Putnam’s Sons Books for Young Readers,Hardcover,353,2017,2017,,2018/04/05,to-read,to-read (#50),to-read,,,,0,0
8811134,"Fear (Gone, #5)",Michael  Grant,"Grant, Michael",,"=""0061449156""","=""9780061449154""",3,4.23,Katherine Tegen Books,Hardcover,509,2012,2012,2018/03/28,2014/01/05,,,read,,,,1,0
16279856,"The Eye of Minds (The Mortality Doctrine, #1)",James Dashner,"Dashner, James",,"=""0385741391""","=""9780385741392""",0,3.85,Delacorte Books for Young Readers,Hardcover,308,2013,2013,,2018/02/14,to-read,to-read (#49),to-read,,,,0,0
263558,"The Trench (MEG, #2)",Steve Alten,"Alten, Steve",,"=""0786011149""","=""9780786011148""",0,3.89,Pinnacle Books,Mass Market Paperback,352,2000,1999,,2018/02/14,to-read,to-read (#48),to-read,,,,0,0
18310318,Drug of Choice,John Lange,"Lange, John",Michael Crichton,"=""1783291230""","=""9781783291236""",0,3.54,Hard Case Crime,Paperback,208,2013,1970,,2018/02/14,to-read,to-read (#47),to-read,,,,0,0
170453,Life of Pi,Yann Martel,"Martel, Yann",,"=""0156027321""","=""9780156027328""",0,3.93,Harvest Books,Paperback,326,2002,2001,,2011/10/09,to-read,to-read (#45),to-read,,,,0,0
12232938,The Lovely Bones,Alice Sebold,"Sebold, Alice",,"=""0316166685""","=""9780316166683""",4,3.84,"Little, Brown and Company",Mass Market Paperback,372,2006,2002,2018/02/13,2011/10/09,,,read,,,,1,0
43641,Water for Elephants,Sara Gruen,"Gruen, Sara",,"=""1565125606""","=""9781565125605""",0,4.10,Algonquin Books,Paperback,368,2007,2006,,2018/02/03,to-read,to-read (#44),to-read,,,,0,0
12878132,"Thomas’s First Memory of the Flare (The Maze Runner, #2.5)",James Dashner,"Dashner, James",,"=""""","=""""",0,3.96,Books-A-Million,ebook,4,2011,2011,,2012/09/03,,,read,,,,1,0
23267628,"The Fever Code (The Maze Runner, #0.5)",James Dashner,"Dashner, James",,"=""0553513095""","=""9780553513097""",5,4.05,Delacorte Press,Hardcover,347,2016,2016,2018/01/26,2018/01/25,,,read,,,,1,0
1456943,Ripley's whales and dolphins,Doug Perrine,"Perrine, Doug",,"=""0439342732""","=""9780439342735""",0,0.0,Scholastic,Paperback,,2001,1999,,2017/08/12,,,read,,,,1,0
20726924,Rumble,Ellen Hopkins,"Hopkins, Ellen",,"=""1442482842""","=""9781442482845""",0,4.04,Margaret K. McElderry Books,Hardcover,550,2014,2014,,2014/12/02,,,read,,,,1,0
7864437,"The Death Cure (The Maze Runner, #3)",James Dashner,"Dashner, James",,"=""0385738773""","=""9780385738774""",0,3.78,Delacorte Books for Young Readers,Hardcover,325,2011,2011,,2012/09/03,,,read,,,,1,0
7631105,"The Scorch Trials (The Maze Runner, #2)",James Dashner,"Dashner, James",,"=""0385738757""","=""9780385738750""",0,3.90,Delacorte Press,Hardcover,362,2010,2010,,2012/09/03,,,read,,,,1,0
13089710,"The Kill Order (The Maze Runner, #0.4)",James Dashner,"Dashner, James",,"=""0385742886""","=""9780385742887""",4,3.71,Delacorte Books for Young Readers,Hardcover,327,2012,2012,2017/08/12,2012/09/03,,,read,,,,1,0
233093,"The Cat in the Hat (The Cat in the Hat, #1)",Dr. Seuss,"Seuss, Dr.",,"=""039480001X""","=""9780394800011""",0,4.18,Random House Books for Young Readers,Hardcover,61,1985,1957,,2017/06/22,,,read,,,,1,0
23772,Green Eggs and Ham,Dr. Seuss,"Seuss, Dr.",,"=""0394800168""","=""9780394800165""",0,4.30,Random House Books for Young Readers,Hardcover,64,1988,1960,,2017/06/22,,,read,,,,1,0
1367939,Murder at 40 Below: True Crime Stories from Alaska,Tom Brennan,"Brennan, Tom",,"=""0945397992""","=""9780945397991""",0,3.50,"Epicenter Press, Incorporated",Paperback,190,2001,2001,,2017/06/22,,,read,,,,1,0
295353,Basic Wilderness Survival Skills,Bradford Angier,"Angier, Bradford",Lamar Underwood,"=""1585742260""","=""9781585742264""",0,4.08,Lyons Press,Paperback,464,2002,2002,2017/06/22,2015/01/02,,,read,,,,1,0
22864710,Challenger Deep,Neal Shusterman,"Shusterman, Neal",Brendan Shusterman,"=""0061134112""","=""9780061134111""",0,4.14,Quill Tree Books,Hardcover,320,2015,2015,2017/06/22,2015/07/18,,,read,,,,1,0
7457720,"KJV, Teen Study Bible, Hardcover",Anonymous,"Anonymous, Anonymous","Sue W. Richards, Lawrence O. Richards","=""031071916X""","=""9780310719168""",5,4.88,Zondervan,Hardcover,1600,2009,2010,2011/12/20,2011/10/09,,,read,,,,1,1
525488,"Boundaries: When to Say Yes, How to Say No to Take Control of Your Life",Henry Cloud,"Cloud, Henry",John Townsend,"=""0310247454""","=""9780310247456""",5,4.20,Zondervan,Paperback,320,1992,1992,2011/10/10,2011/10/09,,,read,,,,1,1
128029,A Thousand Splendid Suns,Khaled Hosseini,"Hosseini, Khaled",,"=""1594489505""","=""9781594489501""",0,4.42,Riverhead Books,Hardcover,372,2007,2007,,2016/12/08,to-read,to-read (#43),to-read,,,,0,0
2165,The Old Man and the Sea,Ernest Hemingway,"Hemingway, Ernest",,"=""0684830493""","=""9780684830490""",0,3.80,Scribner,Hardcover,96,1996,1952,,2016/12/08,to-read,to-read (#42),to-read,,,,0,0
3636,"The Giver (The Giver, #1)",Lois Lowry,"Lowry, Lois",,"=""0385732554""","=""9780385732550""",0,4.12,Ember,Paperback,208,2006,1993,,2016/12/08,to-read,to-read (#41),to-read,,,,0,0
3876,The Sun Also Rises,Ernest Hemingway,"Hemingway, Ernest",,"=""""","=""""",0,3.80,Pan Books,Paperback,189,1957,1926,,2016/12/08,to-read,to-read (#40),to-read,,,,0,0
227463,A Clockwork Orange,Anthony Burgess,"Burgess, Anthony",Κώστας Γαλανόπουλος,"=""""","=""""",0,4.00,W. W. Norton & Company,Paperback,192,1986,1962,,2016/12/08,to-read,to-read (#39),to-read,,,,0,0
4981,Slaughterhouse-Five,Kurt Vonnegut Jr.,"Jr., Kurt Vonnegut",,"=""0385333846""","=""9780385333849""",0,4.09,Dial Press,Paperback,275,1999,1969,,2016/12/08,to-read,to-read (#38),to-read,,,,0,0
4395,The Grapes of Wrath,John Steinbeck,"Steinbeck, John",,"=""""","=""""",0,4.00,Penguin Books,Paperback,455,2002,1939,,2016/12/08,to-read,to-read (#37),to-read,,,,0,0
168668,Catch-22,Joseph Heller,"Heller, Joseph",,"=""0684833395""","=""9780684833392""",0,3.99,Simon & Schuster ,Paperback,453,2004,1961,,2016/12/08,to-read,to-read (#36),to-read,,,,0,0
7613,Animal Farm,George Orwell,"Orwell, George","Boris Grabnar, Celâl Üstüner, Τζωρτζ Όργουελ, José Manuel Moreno Cidoncha, Peter Škerl, Κυριάκος Ντελόπουλος, Николай Николов, Celâl Üster, Pau Masiques, Αύγουστος Κορτώ, Chris Mould","=""""","=""""",0,3.98,NAL,Paperback,122,2003,1945,,2016/12/08,to-read,to-read (#35),to-read,,,,0,0
7624,Lord of the Flies,William Golding,"Golding, William",,"=""0140283331""","=""9780140283334""",0,3.69,Penguin Books ,Paperback,182,1999,1954,,2016/12/08,to-read,to-read (#34),to-read,,,,0,0
100915,"The Lion, the Witch and the Wardrobe (Chronicles of Narnia, #1)",C.S. Lewis,"Lewis, C.S.","Per Svein Paulsen, Tormod Haugen","=""""","=""""",0,4.23,HarperCollins Publishers,Paperback,206,2005,1950,,2016/12/08,to-read,to-read (#33),to-read,,,,0,0
4671,The Great Gatsby,F. Scott Fitzgerald,"Fitzgerald, F. Scott",,"=""""","=""""",0,3.93,Scribner,Paperback,180,1925,1925,,2016/12/08,to-read,to-read (#32),to-read,,,,0,0
23015872,"Traffick (Tricks, #2)",Ellen Hopkins,"Hopkins, Ellen",,"=""""","=""""",0,4.28, Margaret K. McElderry Books,Hardcover,505,2015,2015,,2016/01/30,to-read,to-read (#31),to-read,,,,0,0
734743,Captivating: Unveiling the Mystery of a Woman's Soul,John Eldredge,"Eldredge, John",Stasi Eldredge,"=""0785289097""","=""9780785289098""",5,3.92,Thomas Nelson Publishers,Paperback,238,2007,2004,,2011/10/09,,,read,,,,1,0
19485109,"The Purge of Babylon (Purge of Babylon, #1)",Sam Sisavath,"Sisavath, Sam",,"=""0615922376""","=""9780615922379""",0,4.08,Road to Babylon Media,Paperback,483,2013,2013,,2015/01/06,to-read,to-read (#30),to-read,,,,0,0
16131484,"The Infinite Sea (The 5th Wave, #2)",Rick Yancey,"Yancey, Rick",,"=""""","=""""",4,3.85,Putnam Juvenile,Kindle Edition,320,2014,2014,2015/01/03,2015/01/02,,,read,,,,1,0
18053047,Maybe One Day,Melissa Kantor,"Kantor, Melissa",,"=""0062279203""","=""9780062279200""",3,3.96,HarperTeen,Hardcover,384,2014,2014,2015/01/02,2014/08/09,,,read,,,,1,0
16101128,"The 5th Wave (The 5th Wave, #1)",Rick Yancey,"Yancey, Rick",,"=""0399162410""","=""9780399162411""",4,4.02,G.P. Putnam's Sons Books for Young Readers,Hardcover,457,2013,2013,2015/01/02,2015/01/02,,,read,,,,1,0
1582996,"City of Ashes (The Mortal Instruments, #2)",Cassandra Clare,"Clare, Cassandra",,"=""1416914293""","=""9781416914297""",4,4.12,Margaret K. McElderry Books,Hardcover,453,2008,2008,,2013/06/22,,,read,,,,1,0
6686101,"Plague (Gone, #4)",Michael  Grant,"Grant, Michael",,"=""0061449121""","=""9780061449123""",3,4.17,Katherine Tegen Books,Hardcover,494,2011,2011,2014/07/06,2014/01/05,,,read,,,,1,0
6686092,"Lies (Gone, #3)",Michael  Grant,"Grant, Michael",,"=""""","=""""",4,4.08,HarperCollins ,Hardcover,447,2010,2010,2014/06/13,2014/01/05,,,read,,,,1,0
4374400,"If I Stay (If I Stay, #1)",Gayle Forman,"Forman, Gayle",,"=""0525421033""","=""9780525421030""",0,3.92,Viking,Hardcover,208,2009,2009,2014/05/29,2011/10/09,,,read,,,,1,0
1991,Why Is Sex Fun? The Evolution of Human Sexuality (Science Masters),Jared Diamond,"Diamond, Jared",,"=""0465031269""","=""9780465031269""",0,3.71,Basic Books,Paperback,176,1998,1997,,2014/05/26,,,read,,,,1,0
5047880,"Hunger (Gone, #2)",Michael  Grant,"Grant, Michael",,"=""""","=""""",0,4.02,Katherine Tegen Books,Hardcover,590,2009,2009,2014/05/26,2014/01/05,,,read,,,,1,0
1,"Harry Potter and the Half-Blood Prince (Harry Potter, #6)",J.K. Rowling,"Rowling, J.K.",,"=""""","=""""",4,4.58,Scholastic Inc.,Paperback,652,2006,2005,,2011/10/10,,,read,,,,1,1
18710190,"Allegiant (Divergent, #3)",Veronica Roth,"Roth, Veronica",,"=""0007524277""","=""9780007524273""",4,3.61,HarperCollins Children's Book's,Hardcover,531,2013,2013,2014/04/08,2014/01/19,,,read,,,,1,0
11735983,"Insurgent (Divergent, #2)",Veronica Roth,"Roth, Veronica",,"=""0007442912""","=""9780007442911""",3,3.98,HarperCollins Children's Books,Hardcover,525,2012,2012,2014/03/25,2014/01/19,,,read,,,,1,0
166562,Between a Rock and a Hard Place,Aron Ralston,"Ralston, Aron",,"=""074349282X""","=""9780743492829""",0,3.84,Atria Books,Paperback,354,2005,2004,,2014/03/24,,,read,,,,1,0
400503,"Static (Flight 29 Down, #1)",Walter Sorrells,"Sorrells, Walter","D.J. MacHale, Stan Rogow","=""0448441063""","=""9780448441061""",0,3.73,Grosset & Dunlap,Paperback,224,2006,2006,,2014/03/24,,,read,,,,1,0
2536134,"Gone (Gone, #1)",Michael  Grant,"Grant, Michael",,"=""0061448761""","=""9780061448768""",5,3.86,Katherine Tegen Books,Hardcover,560,2008,2008,2014/01/09,2013/07/30,,,read,,,,1,0
7669259,"Everfound (Skinjacker, #3)",Neal Shusterman,"Shusterman, Neal",,"=""1416990496""","=""9781416990499""",0,4.29,Simon & Schuster Children's Publishing,Hardcover,512,2011,2011,,2014/01/05,to-read,to-read (#29),to-read,,,,0,0
6390465,"Everwild (Skinjacker, #2)",Neal Shusterman,"Shusterman, Neal",,"=""1416958630""","=""9781416958635""",0,4.21,Simon & Schuster Books for Young Readers,Hardcover,432,2009,2009,,2014/01/05,to-read,to-read (#28),to-read,,,,0,0
22628,The Perks of Being a Wallflower,Stephen Chbosky,"Chbosky, Stephen",,"=""""","=""""",4,4.22,MTV Books/Pocket Books,Paperback,213,1999,1999,2014/01/01,2012/05/28,,,read,,,,1,0
9917998,"Dust & Decay (Rot & Ruin, #2)",Jonathan Maberry,"Maberry, Jonathan",,"=""1442402350""","=""9781442402355""",0,4.28,Simon & Schuster Books For Young Readers,Hardcover,519,2011,2011,,2013/12/26,,,read,,,,1,0
721003,"Peak (Peak, #1)",Roland Smith,"Smith, Roland",,"=""0152024174""","=""9780152024178""",0,3.98,Clarion Books,Hardcover,246,2007,2007,,2013/12/24,,,read,,,,1,0
13545075,"UnWholly (Unwind, #2)",Neal Shusterman,"Shusterman, Neal",,"=""1442423684""","=""9781442423688""",0,4.25,Simon  Schuster Books for Young Readers,ebook,416,2012,2012,,2012/11/07,,,read,,,,1,0
11133791,Tilt,Ellen Hopkins,"Hopkins, Ellen",,"=""1416983309""","=""9781416983309""",0,4.20,Margaret K. McElderry Books,Hardcover,608,2012,2012,,2012/10/08,,,read,,,,1,0
375802,"Ender’s Game (Ender's Saga, #1)",Orson Scott Card,"Card, Orson Scott",,"=""0812550706""","=""9780812550702""",5,4.31,Tor,Mass Market Paperback,324,2004,1985,2013/08/10,2013/08/10,,,read,,,,1,0
110535,The Rules of Survival,Nancy Werlin,"Werlin, Nancy",,"=""0803730012""","=""9780803730014""",5,3.98,Dial Books,Hardcover,272,2006,2006,2013/08/01,2012/07/15,,,read,,,,1,0
170171,Catalyst,Laurie Halse Anderson,"Anderson, Laurie Halse",,"=""0142400017""","=""9780142400012""",4,3.61,Speak,Paperback,232,2003,2002,2013/07/30,2012/05/28,,,read,,,,1,0
256683,"City of Bones (The Mortal Instruments, #1)",Cassandra Clare,"Clare, Cassandra",,"=""1416914285""","=""9781416914280""",5,4.08,Margaret K. McElderry Books,Hardcover,485,2007,2007,2013/07/29,2013/06/22,,,read,,,,1,0
13335037,"Divergent (Divergent, #1)",Veronica Roth,"Roth, Veronica",,"=""0062024035""","=""9780062024039""",0,4.15,Katherine Tegen Books,Paperback,487,2012,2011,,2013/06/16,,,read,,,,1,0
33333,Searching for God Knows What,Donald Miller,"Miller, Donald",,"=""0785263713""","=""9780785263715""",5,3.91,Thomas Nelson,Paperback,246,2004,2000,2013/07/05,2011/12/21,,,read,,,,1,0
10535458,"Glitch (Glitch, #1)",Heather Anastasiu,"Anastasiu, Heather",,"=""1250002990""","=""9781250002990""",0,3.73,St. Martin's Press,Paperback,308,2012,2012,,2013/06/16,to-read,to-read (#27),to-read,,,,0,0
7137327,"Enclave (Razorland, #1)",Ann Aguirre,"Aguirre, Ann",,"=""0312650086""","=""9780312650087""",0,3.91,Feiwel & Friends,Hardcover,259,2011,2011,,2013/06/16,to-read,to-read (#26),to-read,,,,0,0
9944814,"Rot & Ruin (Rot & Ruin, #1)",Jonathan Maberry,"Maberry, Jonathan",,"=""1442402334""","=""9781442402331""",4,4.10,Simon  Schuster Books for Young Readers,Paperback,458,2011,2010,2013/06/16,2013/03/24,,,read,,,,1,0
19063,The Book Thief,Markus Zusak,"Zusak, Markus",,"=""""","=""""",0,4.39,Alfred A. Knopf,Hardcover,552,2006,2006,,2013/04/02,to-read,to-read (#25),to-read,,,,0,0
9791892,"Unremembered (Unremembered, #1)",Jessica Brody,"Brody, Jessica",,"=""0374379912""","=""9780374379919""",0,3.68,"Farrar, Straus, & Giroux (BYR) ",Hardcover,320,2013,2013,,2013/04/02,to-read,to-read (#24),to-read,,,,0,0
6605625,"The Enemy (The Enemy, #1)",Charlie Higson,"Higson, Charlie",,"=""014132502X""","=""9780141325026""",0,4.10,Penguin UK,Paperback,406,2009,2009,,2013/04/02,to-read,to-read (#23),to-read,,,,0,0
7735333,"Matched (Matched, #1)",Ally Condie,"Condie, Ally",,"=""0525423648""","=""9780525423645""",0,3.63,Dutton Books for Young Readers,Hardcover,369,2010,2010,,2013/04/02,to-read,to-read (#22),to-read,,,,0,0
15812768,Trafficked,Kim Purcell,"Purcell, Kim",,"=""0142424161""","=""9780142424162""",0,3.87,Speak,Mass Market Paperback,384,2013,2012,,2013/03/24,,,read,,,,1,0
13459147,"Wraith (Wraith, #1)",Angel Lawson,"Lawson, Angel",,"=""1469992833""","=""""",0,3.87,CreateSpace,ebook,266,2012,2012,2013/04/02,2013/01/19,,,read,,,,1,0
10913887,"The Hunt (The Hunt, #1)",Andrew Fukuda,"Fukuda, Andrew",,"=""1250005140""","=""9781250005144""",0,3.72,St. Martin's Griffin,Hardcover,293,2012,2012,,2013/03/24,to-read,to-read (#19),to-read,,,,0,0
15797744,Lies Beneath,Anne Greenwood Brown,"Brown, Anne Greenwood",,"=""0385742029""","=""9780385742023""",0,3.67,Ember,Paperback,320,2013,2012,,2013/03/24,to-read,to-read (#20),to-read,,,,0,0
12854808,"The Dead (The Enemy, #2)",Charlie Higson,"Higson, Charlie",,"=""1423134222""","=""9781423134220""",0,4.30,Hyperion Book CH,Paperback,485,2012,2010,,2013/03/24,to-read,to-read (#21),to-read,,,,0,0
13438764,"My Name is Hope: Anxiety, depression, and life after melancholy",John Mark Comer,"Comer, John Mark",,"=""0615565654""","=""9780615565651""",0,4.16,,Hardcover,256,2012,2012,2013/02/20,2013/01/19,,,read,,,,1,0
16064920,"Anatomy (Harbinger Mystery, #0.5)",Carolyn McCray,"McCray, Carolyn",,"=""""","=""""",0,3.86,Off Our Meds MultiMedia,Kindle Edition,56,2012,2012,,2013/01/19,,,read,,,,1,0
7095831,"Ship Breaker (Ship Breaker, #1)",Paolo Bacigalupi,"Bacigalupi, Paolo",,"=""0316056219""","=""9780316056212""",0,3.75,"Little, Brown Books for Young Readers",Hardcover,326,2010,2010,,2011/10/09,,,read,,,,1,0
227603,Prozac Nation,Elizabeth Wurtzel,"Wurtzel, Elizabeth",,"=""1573225126""","=""9781573225120""",0,3.62,Riverhead Books,Paperback,368,1995,1994,,2011/10/09,,,read,,,,1,0
6186357,"The Maze Runner (The Maze Runner, #1)",James Dashner,"Dashner, James",,"=""0385737947""","=""9780385737944""",0,4.04,Delacorte Press,Hardcover,384,2009,2009,,2012/09/03,,,read,,,,1,0
518593,Boot Camp,Todd Strasser,"Strasser, Todd",,"=""141690848X""","=""9781416908487""",0,3.92,Simon & Schuster Children's Publishing,Hardcover,235,2007,2006,,2012/09/03,to-read,to-read (#18),to-read,,,,0,0
12755252,Lucy in the Sky,Anonymous,"Anonymous, Anonymous",,"=""""","=""""",0,4.00,Simon Pulse,Kindle Edition,289,2012,2012,,2012/09/03,to-read,to-read (#17),to-read,,,,0,0
14800895,Panic,Sharon M. Draper,"Draper, Sharon M.",,"=""1442408960""","=""9781442408968""",0,3.51,Atheneum Books for Young Readers ,Hardcover,272,2013,2013,,2012/09/03,to-read,to-read (#17),to-read,,,,0,0
99561,Looking for Alaska,John Green,"Green, John",,"=""""","=""9781435249158""",0,3.98,Speak,Paperback,221,2006,2005,,2011/10/09,,,read,,,,1,1
11138,Mere Christianity,C.S. Lewis,"Lewis, C.S.",,"=""0684823780""","=""9780684823782""",0,4.35,Touchstone Books,Paperback,191,1996,1942,2012/07/19,2011/10/09,,,read,,,,1,1
68783,"Girl, Interrupted",Susanna Kaysen,"Kaysen, Susanna",,"=""0679746048""","=""9780679746041""",0,3.92,Vintage ,Paperback,169,1994,1993,2012/07/16,2011/10/09,,,read,,,,1,0
12753231,"Monument 14 (Monument 14, #1)",Emmy Laybourne,"Laybourne, Emmy",,"=""0312569033""","=""9780312569037""",0,3.90,Feiwel & Friends,Hardcover,304,2012,2012,,2012/07/15,to-read,to-read (#15),to-read,,,,0,0
7741325,"Dash & Lily's Book of Dares (Dash & Lily, #1)",Rachel Cohn,"Cohn, Rachel",David Levithan,"=""0375866590""","=""9780375866593""",0,3.75,Knopf Books for Young Readers,Hardcover,260,2010,2010,,2012/07/15,,,read,,,,1,1
5598690,Crash Into Me,Albert Borris,"Borris, Albert",,"=""1416974350""","=""9781416974352""",0,3.77,Simon & Schuster Books for Young Readers,Hardcover,257,2009,2009,,2012/07/13,,,read,,,,1,1
7260188,"Mockingjay (The Hunger Games, #3)",Suzanne Collins,"Collins, Suzanne",,"=""0439023513""","=""9780439023511""",0,4.07,Scholastic Press,Hardcover,398,2010,2010,,2012/05/28,to-read,to-read (#14),to-read,,,,0,0
6148028,"Catching Fire (The Hunger Games, #2)",Suzanne Collins,"Collins, Suzanne",,"=""0439023491""","=""9780439023498""",0,4.31,Scholastic Press,Hardcover,391,2009,2009,,2012/05/28,to-read,to-read (#13),to-read,,,,0,0
5107,The Catcher in the Rye,J.D. Salinger,"Salinger, J.D.",,"=""0316769177""","=""9780316769174""",0,3.81,Back Bay Books,Paperback,277,2001,1951,,2012/05/28,to-read,to-read (#12),to-read,,,,0,0
231804,The Outsiders,S.E. Hinton,"Hinton, S.E.",,"=""""","=""""",0,4.12,Puffin Books (US/CAN),Mass Market Paperback,192,1997,1967,,2012/05/28,to-read,to-read (#11),to-read,,,,0,0
14050,The Time Traveler's Wife,Audrey Niffenegger,"Niffenegger, Audrey",,"=""0965818675""","=""9780965818674""",0,3.99,MacAdam/Cage,Paperback,537,2003,2003,,2012/05/28,to-read,to-read (#10),to-read,,,,0,0
4406,East of Eden,John Steinbeck,"Steinbeck, John",,"=""0142000655""","=""9780142000656""",0,4.40,Penguin Books,Paperback,601,2002,1952,,2012/05/28,to-read,to-read (#9),to-read,,,,0,0
11149,The Screwtape Letters,C.S. Lewis,"Lewis, C.S.",,"=""0060652896""","=""9780060652890""",0,4.25,HarperCollins,Hardcover,224,2001,1942,,2012/03/11,to-read,to-read (#8),to-read,,,,0,0
17267,The Great Divorce,C.S. Lewis,"Lewis, C.S.",,"=""0006280560""","=""9780006280569""",0,4.30,HarperCollins,Paperback,160,2002,1946,,2012/03/11,to-read,to-read (#8),to-read,,,,0,0
32377,I Don't Want to Be Crazy,Samantha Schutz,"Schutz, Samantha",,"=""043980518X""","=""9780439805186""",0,3.78,Push,Hardcover,280,2006,2006,,2012/01/14,,,read,,,,1,1
10843755,Triangles,Ellen Hopkins,"Hopkins, Ellen",,"=""1451626339""","=""9781451626339""",0,3.97,Atria Books,Hardcover,529,2011,2011,,2011/10/12,,,read,,,,1,1
2767052,"The Hunger Games (The Hunger Games, #1)",Suzanne Collins,"Collins, Suzanne",,"=""""","=""""",0,4.33,Scholastic Press,Hardcover,374,2008,2008,,2011/10/09,,,read,,,,1,0
7214,Blue Like Jazz: Nonreligious Thoughts on Christian Spirituality,Donald Miller,"Miller, Donald",,"=""0785263705""","=""9780785263708""",0,3.90,Thomas Nelson,Paperback,243,2003,2003,2012/01/04,2011/10/24,,,read,,,,1,0
9917945,"Perfect (Impulse, #2)",Ellen Hopkins,"Hopkins, Ellen",,"=""1416983244""","=""9781416983248""",4,4.33,Margaret K. McElderry Books,Hardcover,622,2011,2011,2011/12/20,2011/10/09,,,read,,,,1,1
1958785,Do Hard Things: A Teenage Rebellion Against Low Expectations,Alex  Harris,"Harris, Alex","Brett Harris, Chuck Norris","=""1601421125""","=""9781601421128""",4,4.04,Multnomah,Hardcover,242,2008,2008,2011/11/21,2011/10/09,,,read,,,,1,1
8664957,"Smoke (Burned, #2)",Ellen Hopkins,"Hopkins, Ellen",,"=""""","=""""",0,4.33,Margaret K. McElderry,Kindle Edition,543,2013,2013,,2011/10/12,to-read,to-read (#7),to-read,,,,0,0
50,"Hatchet (Brian's Saga, #1)",Gary Paulsen,"Paulsen, Gary",,"=""0689840926""","=""9780689840920""",3,3.77,Atheneum Books for Young Readers: Richard Jackson Books,Hardcover,208,2000,1987,,2011/10/10,,,read,,,,1,0
15881,"Harry Potter and the Chamber of Secrets (Harry Potter, #2)",J.K. Rowling,"Rowling, J.K.",Mary GrandPré,"=""""","=""""",4,4.43,Arthur A. Levine Books,Hardcover,341,1999,1998,,2011/10/10,,,read,,,,1,1
6,"Harry Potter and the Goblet of Fire (Harry Potter, #4)",J.K. Rowling,"Rowling, J.K.","Jim Kay, Mary GrandPré","=""""","=""""",5,4.56,Scholastic,Paperback,734,2002,2000,,2011/10/10,,,read,,,,1,1
5,"Harry Potter and the Prisoner of Azkaban (Harry Potter, #3)",J.K. Rowling,"Rowling, J.K.",Mary GrandPré,"=""043965548X""","=""9780439655484""",4,4.58,Scholastic Inc.,Mass Market Paperback,435,2004,1999,,2011/10/10,,,read,,,,1,1
2,"Harry Potter and the Order of the Phoenix (Harry Potter, #5)",J.K. Rowling,"Rowling, J.K.",Mary GrandPré,"=""""","=""""",4,4.50,Scholastic Inc.,Paperback,912,2004,2003,,2011/10/10,,,read,,,,1,1
136251,"Harry Potter and the Deathly Hallows (Harry Potter, #7)",J.K. Rowling,"Rowling, J.K.",,"=""""","=""""",4,4.62,Arthur A. Levine Books,Hardcover,759,2007,2007,,2011/10/10,,,read,,,,1,1
201114,Sold,Patricia McCormick,"McCormick, Patricia",,"=""0786851716""","=""9780786851713""",4,4.23,"Little, Brown Books for Young Readers",Hardcover,268,2006,2006,2011/10/10,2011/10/09,,,read,,,,1,0
8109882,City on Our Knees,TobyMac,"TobyMac, TobyMac",,"=""0764208659""","=""9780764208652""",4,4.12,Bethany House,Hardcover,223,2010,2010,2011/10/10,2011/10/09,,,read,,,,1,1
10956,The Virgin Suicides,Jeffrey Eugenides,"Eugenides, Jeffrey",,"=""0747560595""","=""9780747560593""",0,3.82,Bloomsbury Publishing PLC,Paperback,250,2002,1993,,2011/10/09,to-read,to-read (#7),to-read,,,,0,0
37781,"Things Fall Apart (The African Trilogy, #1)",Chinua Achebe,"Achebe, Chinua",,"=""""","=""""",3,3.72,Anchor Books,Paperback,209,1994,1958,,2011/10/09,,,read,,,,1,0
139253,The House on Mango Street,Sandra Cisneros,"Cisneros, Sandra",,"=""0679734775""","=""9780679734772""",4,3.69,Vintage,Paperback,110,2009,1984,,2011/10/09,,,read,,,,1,0
39999,The Boy in the Striped Pajamas,John Boyne,"Boyne, John",,"=""""","=""""",0,4.15,David Fickling Books,Hardcover,240,2006,2006,,2011/10/09,to-read,to-read (#5),to-read,,,,0,0
991565,Snitch,Allison van Diepen,"Diepen, Allison van",,"=""1416950303""","=""9781416950301""",3,4.16,Simon Pulse,Paperback,297,2007,2007,,2011/10/09,,,read,,,,1,1
7171876,"Fallout (Crank, #3)",Ellen Hopkins,"Hopkins, Ellen",,"=""1416950095""","=""9781416950097""",3,4.27,Margaret K. McElderry Books,Hardcover,665,2010,2010,,2011/10/09,,,read,,,,1,0
5510384,"Tricks (Tricks, #1)",Ellen Hopkins,"Hopkins, Ellen",,"=""1416950079""","=""9781416950073""",5,4.29,Margaret K. McElderry Books,Hardcover,627,2009,2009,,2011/10/09,,,read,,,,1,1
270807,"Burned (Burned, #1)",Ellen Hopkins,"Hopkins, Ellen",,"=""1416903542""","=""9781416903543""",4,4.25,Margaret K. McElderry Books,Hardcover,544,2006,2006,,2011/10/09,,,read,,,,1,1
270730,"Crank (Crank, #1)",Ellen Hopkins,"Hopkins, Ellen",,"=""0689865198""","=""9780689865190""",4,4.16,Margaret K. McElderry Books,Paperback,537,2004,2004,,2011/10/09,,,read,,,,1,1
270805,"Impulse (Impulse, #1)",Ellen Hopkins,"Hopkins, Ellen",,"=""1416903569""","=""9781416903567""",5,4.26,Margaret K. McElderry Books,Hardcover,666,2007,2007,,2011/10/09,,,read,,,,1,1
662597,Cut,Patricia McCormick,"McCormick, Patricia",,"=""0439324599""","=""9780439324595""",4,3.76,Push,Paperback,151,2002,2000,,2011/10/09,,,read,,,,1,1
270804,"Glass (Crank, #2)",Ellen Hopkins,"Hopkins, Ellen",,"=""1416940901""","=""9781416940906""",3,4.29,Margaret K. McElderry Books,Hardcover,681,2007,2007,,2011/10/09,,,read,,,,1,1
46799,Go Ask Alice,Beatrice Sparks,"Sparks, Beatrice","Selçuk Budak, Anonymous, Carlo Corsi","=""1416914633""","=""9781416914631""",4,3.75,Simon Pulse,Paperback,213,2006,1971,,2011/10/09,,,read,,,,1,1
1661957,"Wake (Wake, #1)",Lisa McMann,"McMann, Lisa",,"=""1416953574""","=""9781416953579""",3,3.75,Simon & Schuster Books for Young Readers,Hardcover,210,2008,2008,,2011/10/09,,,read,,,,1,1
307791,"The City of Ember (Book of Ember, #1)",Jeanne DuPrau,"DuPrau, Jeanne",,"=""0375822747""","=""9780375822742""",0,3.89,Random House Children's Books,Paperback,270,2003,2003,,2011/10/09,to-read,to-read (#3),to-read,,,,0,0
764347,"Unwind (Unwind, #1)",Neal Shusterman,"Shusterman, Neal",,"=""1416912045""","=""9781416912040""",5,4.17,Simon & Schuster Books for Young Readers,Hardcover,337,2007,2007,,2011/10/09,,,read,,,,1,1
5152478,Wintergirls,Laurie Halse Anderson,"Anderson, Laurie Halse",,"=""067001110X""","=""9780670011100""",4,3.96,Viking Books for Young Readers,Hardcover,278,2009,2009,,2011/10/09,,,read,,,,1,1
4570768,Willow,Julia Hoban,"Hoban, Julia",,"=""0803733569""","=""9780803733565""",4,3.91,Dial Books,Hardcover,329,2009,2009,,2011/10/09,,,read,,,,1,0
123106,Twisted,Laurie Halse Anderson,"Anderson, Laurie Halse",,"=""0670061018""","=""9780670061013""",4,3.82,Viking Books for Young Readers,Hardcover,250,2007,2007,,2011/10/09,,,read,,,,1,1
2241059,Identical,Ellen Hopkins,"Hopkins, Ellen",,"=""1416950052""","=""9781416950059""",4,4.30,Margaret K. McElderry Books,Hardcover,565,2008,2008,,2011/10/09,,,read,,,,1,1
1217100,Thirteen Reasons Why,Jay Asher,"Asher, Jay",,"=""1595141715""","=""9781595141712""",4,3.86,Razorbill,Hardcover,288,2007,2007,,2011/10/09,,,read,,,,1,1
38709,"Holes (Holes, #1)",Louis Sachar,"Sachar, Louis",,"=""0439244196""","=""9780439244190""",4,3.99,Scholastic,Paperback,272,2000,1998,,2011/10/09,,,read,,,,1,1
439288,Speak,Laurie Halse Anderson,"Anderson, Laurie Halse",,"=""014131088X""","=""9780141310886""",4,4.04,Puffin,Paperback,202,2001,1999,,2011/10/09,,,read,,,,1,1
3,"Harry Potter and the Sorcerer's Stone (Harry Potter, #1)",J.K. Rowling,"Rowling, J.K.",,"=""""","=""""",4,4.47,Scholastic Inc,Hardcover,309,2003,1997,,2011/10/09,,,read,,,,1,1
77203,The Kite Runner,Khaled Hosseini,"Hosseini, Khaled",,"=""""","=""""",4,4.33,Riverhead Books,Paperback,371,2004,2003,,2011/10/09,,,read,,,,1,0
332613,One Flew Over the Cuckoo's Nest,Ken Kesey,"Kesey, Ken",,"=""""","=""""",4,4.20,Signet,Mass Market Paperback,325,1963,1962,,2011/10/09,,,read,,,,1,0
2657,To Kill a Mockingbird,Harper Lee,"Lee, Harper",,"=""""","=""""",4,4.27,Harper Perennial Modern Classics ,Paperback,323,2006,1960,,2011/10/09,,,read,,,,1,0
4989,The Red Tent,Anita Diamant,"Diamant, Anita",,"=""0312353766""","=""9780312353766""",0,4.19,St. Martin's Press,Hardcover,324,1997,1997,,2011/10/09,to-read,to-read (#2),to-read,,,,0,0
29797,The Pilgrim's Progress,John Bunyan,"Bunyan, John",,"=""""","=""""",0,4.03,Dover Publications,Paperback,324,2003,1684,,2011/10/09,to-read,to-read (#1),to-read,,,,0,0
